{
    "isheader": false,
    "world_bbox": [
        10,
        10,
        10
    ],
    "frameRange": [
        70,
        71
    ],
    "camera": [
        {
            "frame": 70,
            "pos": [
                4.966259956359863,
                -3.568279981613159,
                -8.20302963256836
            ],
            "dir": [
                0.0016952500445768237,
                0.6741529703140259,
                0.73860102891922
            ],
            "up": [
                0.008132929913699627,
                0.7385690212249756,
                -0.6741420030593872
            ]
        },
        {
            "frame": 71,
            "pos": [
                4.966259956359863,
                -3.568279981613159,
                -8.20302963256836
            ],
            "dir": [
                0.0016952500445768237,
                0.6741529703140259,
                0.73860102891922
            ],
            "up": [
                0.008132929913699627,
                0.7385690212249756,
                -0.6741420030593872
            ]
        }
    ],
    "scene_data_list": [
        {
            "index_in_list": 70,
            "scene_info": {
                "transferFunc": {
                    "frame": 70,
                    "range": [
                        -0.41257286071777344,
                        27.339994430541992
                    ],
                    "colors": [
                        0,
                        0,
                        0.562493,
                        0,
                        0,
                        1,
                        0,
                        1,
                        1,
                        0.500008,
                        1,
                        0.500008,
                        1,
                        1,
                        0,
                        1,
                        0,
                        0,
                        0.500008,
                        0,
                        0
                    ],
                    "opacities": [
                        0,
                        0.05,
                        0.2,
                        0.7,
                        0.8,
                        0.05,
                        0.02,
                        0.4,
                        0.35,
                        0.85,
                        0.93,
                        0.01,
                        0.07,
                        0.9,
                        1
                    ]
                }
            }
        }
    ]
}
