{
    "isheader": false,
    "world_bbox": [
        10,
        10,
        10
    ],
    "frameRange": [
        1,
        2
    ],
    "camera": [
        {
            "frame": 1,
            "pos": [
                -3.8356499671936035,
                0.8296170234680176,
                -8.083200454711914
            ],
            "dir": [
                0.6382089853286743,
                0.2045609951019287,
                0.7421860098838806
            ],
            "up": [
                0.3681589961051941,
                0.7655749917030334,
                -0.5275890231132507
            ]
        },
        {
            "frame": 2,
            "pos": [
                -3.8356499671936035,
                0.8296170234680176,
                -8.083200454711914
            ],
            "dir": [
                0.6382089853286743,
                0.2045609951019287,
                0.7421860098838806
            ],
            "up": [
                0.3681589961051941,
                0.7655749917030334,
                -0.5275890231132507
            ]
        }
    ],
    "scene_data_list": [
        {
            "index_in_list": 1,
            "scene_info": {
                "transferFunc": {
                    "frame": 1,
                    "range": [
                        0.0,
                        42.73739242553711
                    ],
                    "colors": [
                        0.0,
                        0.0,
                        0.0,
                        0.2,
                        0.2,
                        0.2,
                        0.4,
                        0.4,
                        0.4,
                        0.5,
                        0.5,
                        0.5,
                        0.8,
                        0.8,
                        0.8,
                        1.0,
                        1.0,
                        1.0
                    ],
                    "opacities": [
                        0.0,
                        0.2,
                        0.4,
                        0.6,
                        0.8,
                        1.0
                    ]
                }
            }
        }
    ]
}
