{
    "isheader": false,
    "world_bbox": [
        10,
        10,
        10
    ],
    "frameRange": [
        2,
        3
    ],
    "camera": [
        {
            "frame": 2,
            "pos": [
                -11.349764823913574,
                22.275161743164063,
                0
            ],
            "dir": [
                0.4539906084537506,
                -0.8910064697265625,
                0
            ],
            "up": [
                0,
                0,
                -1
            ]
        },
        {
            "frame": 3,
            "pos": [
                -17.677669525146484,
                17.677669525146484,
                0
            ],
            "dir": [
                0.7071067690849304,
                -0.7071067690849304,
                0
            ],
            "up": [
                0,
                0,
                -1
            ]
        }
    ],
    "scene_data_list": [
        {
            "index_in_list": 2,
            "scene_info": {
                "transferFunc": {
                    "frame": 2,
                    "range": [
                        -2.2379701137542725,
                        33.002037048339844
                    ],
                    "colors": [
                        0,
                        0,
                        0.562493,
                        0,
                        0,
                        1,
                        0,
                        1,
                        1,
                        0.500008,
                        1,
                        0.500008,
                        1,
                        1,
                        0,
                        1,
                        0,
                        0,
                        0.500008,
                        0,
                        0
                    ],
                    "opacities": [
                        0.0,
                        0.1428571492433548,
                        0.2857142984867096,
                        0.4285714328289032,
                        0.5714285969734192,
                        0.7142857313156128,
                        0.8571428656578064
                    ]
                }
            }
        }
    ]
}
