{
    "isheader": false,
    "world_bbox": [
        10,
        10,
        10
    ],
    "frameRange": [
        0,
        1
    ],
    "camera": [
        {
            "frame": 0,
            "pos": [
                17.677669525146484,
                17.677669525146484,
                0
            ],
            "dir": [
                -0.7071067690849304,
                -0.7071067690849304,
                0
            ],
            "up": [
                0,
                0,
                -1
            ]
        },
        {
            "frame": 1,
            "pos": [
                11.349762916564941,
                22.275163650512695,
                0
            ],
            "dir": [
                -0.45399051904678345,
                -0.8910065293312073,
                0
            ],
            "up": [
                0,
                0,
                -1
            ]
        }
    ],
    "scene_data_list": [
        {
            "index_in_list": 0,
            "scene_info": {
                "transferFunc": {
                    "frame": 0,
                    "range": [
                        -2.2379701137542725,
                        33.002037048339844
                    ],
                    "colors": [
                        0,
                        0,
                        0.562493,
                        0,
                        0,
                        1,
                        0,
                        1,
                        1,
                        0.500008,
                        1,
                        0.500008,
                        1,
                        1,
                        0,
                        1,
                        0,
                        0,
                        0.500008,
                        0,
                        0
                    ],
                    "opacities": [
                        0.0,
                        0.1428571492433548,
                        0.2857142984867096,
                        0.4285714328289032,
                        0.5714285969734192,
                        0.7142857313156128,
                        0.8571428656578064
                    ]
                }
            }
        }
    ]
}
