{
    "isheader": false,
    "world_bbox": [
        10,
        10,
        10
    ],
    "frameRange": [
        1,
        2
    ],
    "camera": [
        {
            "frame": 1,
            "pos": [
                3.9108622074127197,
                24.692209243774414,
                0
            ],
            "dir": [
                -0.15643449127674103,
                -0.9876883625984192,
                0
            ],
            "up": [
                0,
                0,
                -1
            ]
        },
        {
            "frame": 2,
            "pos": [
                -3.9108641147613525,
                24.69220733642578,
                0
            ],
            "dir": [
                0.156434565782547,
                -0.9876883029937744,
                0
            ],
            "up": [
                0,
                0,
                -1
            ]
        }
    ],
    "scene_data_list": [
        {
            "index_in_list": 1,
            "scene_info": {
                "transferFunc": {
                    "frame": 1,
                    "range": [
                        -2.2379701137542725,
                        33.002037048339844
                    ],
                    "colors": [
                        0,
                        0,
                        0.562493,
                        0,
                        0,
                        1,
                        0,
                        1,
                        1,
                        0.500008,
                        1,
                        0.500008,
                        1,
                        1,
                        0,
                        1,
                        0,
                        0,
                        0.500008,
                        0,
                        0
                    ],
                    "opacities": [
                        0.0,
                        0.1428571492433548,
                        0.2857142984867096,
                        0.4285714328289032,
                        0.5714285969734192,
                        0.7142857313156128,
                        0.8571428656578064
                    ]
                }
            }
        }
    ]
}
