{
    "isheader": false,
    "world_bbox": [
        10,
        10,
        10
    ],
    "frameRange": [
        56,
        57
    ],
    "camera": [
        {
            "frame": 56,
            "pos": [
                4.846189975738525,
                -3.1076700687408447,
                -8.16707992553711
            ],
            "dir": [
                0.01388510037213564,
                0.607354998588562,
                0.7943029999732971
            ],
            "up": [
                -0.0031781799625605345,
                0.794402003288269,
                -0.6073750257492065
            ]
        },
        {
            "frame": 57,
            "pos": [
                4.846189975738525,
                -3.1076700687408447,
                -8.16707992553711
            ],
            "dir": [
                0.01388510037213564,
                0.607354998588562,
                0.7943029999732971
            ],
            "up": [
                -0.0031781799625605345,
                0.794402003288269,
                -0.6073750257492065
            ]
        }
    ],
    "scene_data_list": [
        {
            "index_in_list": 56,
            "scene_info": {
                "transferFunc": {
                    "frame": 56,
                    "range": [
                        -2.5533227920532227,
                        33.10286331176758
                    ],
                    "colors": [
                        0,
                        0,
                        0.562493,
                        0,
                        0,
                        1,
                        0,
                        1,
                        1,
                        0.500008,
                        1,
                        0.500008,
                        1,
                        1,
                        0,
                        1,
                        0,
                        0,
                        0.500008,
                        0,
                        0
                    ],
                    "opacities": [
                        0,
                        0.2,
                        0.45,
                        0.6,
                        0.75,
                        0.85,
                        1
                    ]
                }
            }
        }
    ]
}
